key,value
ISO3,MEX
HDR Country Name,Mexico
Human Development Groups,High
UNDP Developeing Regions,LAC
HDI Rank (2022),77
Human Development Index (value) (1990),0.666
Human Development Index (value) (1991),0.668
Human Development Index (value) (1992),0.67
Human Development Index (value) (1993),0.673
Human Development Index (value) (1994),0.678
Human Development Index (value) (1995),0.678
Human Development Index (value) (1996),0.685
Human Development Index (value) (1997),0.692
Human Development Index (value) (1998),0.699
Human Development Index (value) (1999),0.704
Human Development Index (value) (2000),0.709
Human Development Index (value) (2001),0.712
Human Development Index (value) (2002),0.719
Human Development Index (value) (2003),0.725
Human Development Index (value) (2004),0.729
Human Development Index (value) (2005),0.733
Human Development Index (value) (2006),0.741
Human Development Index (value) (2007),0.743
Human Development Index (value) (2008),0.745
Human Development Index (value) (2009),0.745
Human Development Index (value) (2010),0.747
Human Development Index (value) (2011),0.753
Human Development Index (value) (2012),0.76
Human Development Index (value) (2013),0.761
Human Development Index (value) (2014),0.765
Human Development Index (value) (2015),0.769
Human Development Index (value) (2016),0.773
Human Development Index (value) (2017),0.776
Human Development Index (value) (2018),0.779
Human Development Index (value) (2019),0.781
Human Development Index (value) (2020),0.757
Human Development Index (value) (2021),0.757
Human Development Index (value) (2022),0.781
Life Expectancy at Birth (years) (1990),69.971
Life Expectancy at Birth (years) (1991),70.298
Life Expectancy at Birth (years) (1992),70.616
Life Expectancy at Birth (years) (1993),70.942
Life Expectancy at Birth (years) (1994),71.279
Life Expectancy at Birth (years) (1995),71.646
Life Expectancy at Birth (years) (1996),72.037
Life Expectancy at Birth (years) (1997),72.445
Life Expectancy at Birth (years) (1998),72.845
Life Expectancy at Birth (years) (1999),73.225
Life Expectancy at Birth (years) (2000),73.569
Life Expectancy at Birth (years) (2001),73.867
Life Expectancy at Birth (years) (2002),74.106
Life Expectancy at Birth (years) (2003),74.274
Life Expectancy at Birth (years) (2004),74.372
Life Expectancy at Birth (years) (2005),74.376
Life Expectancy at Birth (years) (2006),74.331
Life Expectancy at Birth (years) (2007),74.238
Life Expectancy at Birth (years) (2008),74.152
Life Expectancy at Birth (years) (2009),74.119
Life Expectancy at Birth (years) (2010),74.19
Life Expectancy at Birth (years) (2011),74.365
Life Expectancy at Birth (years) (2012),74.574
Life Expectancy at Birth (years) (2013),74.739
Life Expectancy at Birth (years) (2014),74.797
Life Expectancy at Birth (years) (2015),74.682
Life Expectancy at Birth (years) (2016),74.412
Life Expectancy at Birth (years) (2017),74.138
Life Expectancy at Birth (years) (2018),74.015
Life Expectancy at Birth (years) (2019),74.202
Life Expectancy at Birth (years) (2020),70.133
Life Expectancy at Birth (years) (2021),70.213
Life Expectancy at Birth (years) (2022),74.832
Expected Years of Schooling (years) (1990),11.18052959
Expected Years of Schooling (years) (1991),11.02836037
Expected Years of Schooling (years) (1992),10.99157524
Expected Years of Schooling (years) (1993),10.95479012
Expected Years of Schooling (years) (1994),11.06476974
Expected Years of Schooling (years) (1995),11.21502972
Expected Years of Schooling (years) (1996),11.3673296
Expected Years of Schooling (years) (1997),11.46714973
Expected Years of Schooling (years) (1998),11.70351982
Expected Years of Schooling (years) (1999),11.84465981
Expected Years of Schooling (years) (2000),11.96185017
Expected Years of Schooling (years) (2001),11.99468994
Expected Years of Schooling (years) (2002),12.33232975
Expected Years of Schooling (years) (2003),12.58868027
Expected Years of Schooling (years) (2004),12.6633997
Expected Years of Schooling (years) (2005),12.71755981
Expected Years of Schooling (years) (2006),12.84585953
Expected Years of Schooling (years) (2007),12.99110985
Expected Years of Schooling (years) (2008),13.19239044
Expected Years of Schooling (years) (2009),13.27560043
Expected Years of Schooling (years) (2010),13.42037964
Expected Years of Schooling (years) (2011),13.46401978
Expected Years of Schooling (years) (2012),13.73157978
Expected Years of Schooling (years) (2013),13.91250992
Expected Years of Schooling (years) (2014),14.08321953
Expected Years of Schooling (years) (2015),14.23423958
Expected Years of Schooling (years) (2016),14.6759901
Expected Years of Schooling (years) (2017),14.85268021
Expected Years of Schooling (years) (2018),14.92304993
Expected Years of Schooling (years) (2019),14.9456501
Expected Years of Schooling (years) (2020),14.82310009
Expected Years of Schooling (years) (2021),14.50529957
Expected Years of Schooling (years) (2022),14.50529957
Mean Years of Schooling (years) (1990),5.953360081
Mean Years of Schooling (years) (1991),6.024422073
Mean Years of Schooling (years) (1992),6.095484066
Mean Years of Schooling (years) (1993),6.166546059
Mean Years of Schooling (years) (1994),6.237608051
Mean Years of Schooling (years) (1995),6.308670044
Mean Years of Schooling (years) (1996),6.379732037
Mean Years of Schooling (years) (1997),6.450794029
Mean Years of Schooling (years) (1998),6.521856022
Mean Years of Schooling (years) (1999),6.592918015
Mean Years of Schooling (years) (2000),6.663980007
Mean Years of Schooling (years) (2001),6.819949985
Mean Years of Schooling (years) (2002),6.975919962
Mean Years of Schooling (years) (2003),7.131889939
Mean Years of Schooling (years) (2004),7.287859917
Mean Years of Schooling (years) (2005),7.48514986
Mean Years of Schooling (years) (2006),7.871600151
Mean Years of Schooling (years) (2007),7.882470131
Mean Years of Schooling (years) (2008),7.948890209
Mean Years of Schooling (years) (2009),8.136670113
Mean Years of Schooling (years) (2010),8.005069733
Mean Years of Schooling (years) (2011),8.247494698
Mean Years of Schooling (years) (2012),8.489919662
Mean Years of Schooling (years) (2013),8.357230186
Mean Years of Schooling (years) (2014),8.403470039
Mean Years of Schooling (years) (2015),8.601650238
Mean Years of Schooling (years) (2016),8.599900246
Mean Years of Schooling (years) (2017),8.742489815
Mean Years of Schooling (years) (2018),8.933190346
Mean Years of Schooling (years) (2019),9.077120304
Mean Years of Schooling (years) (2020),9.221050262
Mean Years of Schooling (years) (2021),9.221050262
Mean Years of Schooling (years) (2022),9.221050262
Gross National Income Per Capita (2017 PPP$) (1990),14735.41298
Gross National Income Per Capita (2017 PPP$) (1991),15114.65832
Gross National Income Per Capita (2017 PPP$) (1992),15356.6141
Gross National Income Per Capita (2017 PPP$) (1993),15574.05843
Gross National Income Per Capita (2017 PPP$) (1994),16021.08213
Gross National Income Per Capita (2017 PPP$) (1995),14534.79383
Gross National Income Per Capita (2017 PPP$) (1996),15302.01171
Gross National Income Per Capita (2017 PPP$) (1997),16204.28467
Gross National Income Per Capita (2017 PPP$) (1998),16755.68444
Gross National Income Per Capita (2017 PPP$) (1999),16998.5177
Gross National Income Per Capita (2017 PPP$) (2000),17562.61123
Gross National Income Per Capita (2017 PPP$) (2001),17273.12543
Gross National Income Per Capita (2017 PPP$) (2002),17028.0568
Gross National Income Per Capita (2017 PPP$) (2003),17014.12706
Gross National Income Per Capita (2017 PPP$) (2004),17467.55788
Gross National Income Per Capita (2017 PPP$) (2005),17507.35638
Gross National Income Per Capita (2017 PPP$) (2006),18146.75435
Gross National Income Per Capita (2017 PPP$) (2007),18290.88996
Gross National Income Per Capita (2017 PPP$) (2008),18319.66117
Gross National Income Per Capita (2017 PPP$) (2009),17090.62063
Gross National Income Per Capita (2017 PPP$) (2010),17819.56652
Gross National Income Per Capita (2017 PPP$) (2011),18134.34709
Gross National Income Per Capita (2017 PPP$) (2012),18472.18891
Gross National Income Per Capita (2017 PPP$) (2013),18297.60348
Gross National Income Per Capita (2017 PPP$) (2014),18671.64772
Gross National Income Per Capita (2017 PPP$) (2015),19044.73057
Gross National Income Per Capita (2017 PPP$) (2016),19305.80753
Gross National Income Per Capita (2017 PPP$) (2017),19512.28817
Gross National Income Per Capita (2017 PPP$) (2018),19726.18934
Gross National Income Per Capita (2017 PPP$) (2019),19471.08158
Gross National Income Per Capita (2017 PPP$) (2020),17721.21226
Gross National Income Per Capita (2017 PPP$) (2021),18582.11081
Gross National Income Per Capita (2017 PPP$) (2022),19138.00726
GDI Group (2022),1
Gender Development Index (value) (1990),0.867
Gender Development Index (value) (1991),0.909
Gender Development Index (value) (1992),0.913
Gender Development Index (value) (1993),0.917
Gender Development Index (value) (1994),0.916
Gender Development Index (value) (1995),0.922
Gender Development Index (value) (1996),0.93
Gender Development Index (value) (1997),0.929
Gender Development Index (value) (1998),0.93
Gender Development Index (value) (1999),0.928
Gender Development Index (value) (2000),0.93
Gender Development Index (value) (2001),0.931
Gender Development Index (value) (2002),0.93
Gender Development Index (value) (2003),0.934
Gender Development Index (value) (2004),0.936
Gender Development Index (value) (2005),0.943
Gender Development Index (value) (2006),0.943
Gender Development Index (value) (2007),0.945
Gender Development Index (value) (2008),0.947
Gender Development Index (value) (2009),0.951
Gender Development Index (value) (2010),0.955
Gender Development Index (value) (2011),0.956
Gender Development Index (value) (2012),0.955
Gender Development Index (value) (2013),0.958
Gender Development Index (value) (2014),0.958
Gender Development Index (value) (2015),0.96
Gender Development Index (value) (2016),0.963
Gender Development Index (value) (2017),0.965
Gender Development Index (value) (2018),0.968
Gender Development Index (value) (2019),0.972
Gender Development Index (value) (2020),0.984
Gender Development Index (value) (2021),0.992
Gender Development Index (value) (2022),0.979
HDI female (1990),0.60719491
HDI female (1991),0.62613191
HDI female (1992),0.631948239
HDI female (1993),0.63823591
HDI female (1994),0.64219795
HDI female (1995),0.645309943
HDI female (1996),0.656303653
HDI female (1997),0.66260607
HDI female (1998),0.669194981
HDI female (1999),0.673608872
HDI female (2000),0.679869601
HDI female (2001),0.683076962
HDI female (2002),0.689172043
HDI female (2003),0.696509165
HDI female (2004),0.701892429
HDI female (2005),0.708238523
HDI female (2006),0.716705747
HDI female (2007),0.719056469
HDI female (2008),0.722158904
HDI female (2009),0.723957425
HDI female (2010),0.727486439
HDI female (2011),0.732969378
HDI female (2012),0.740750809
HDI female (2013),0.742225126
HDI female (2014),0.745827693
HDI female (2015),0.750922745
HDI female (2016),0.755918272
HDI female (2017),0.759385854
HDI female (2018),0.763672782
HDI female (2019),0.767800241
HDI female (2020),0.749509876
HDI female (2021),0.752074932
HDI female (2022),0.769920342
"Life Expectancy at Birth, female (years) (1990)",73.647
"Life Expectancy at Birth, female (years) (1991)",74.009
"Life Expectancy at Birth, female (years) (1992)",74.357
"Life Expectancy at Birth, female (years) (1993)",74.681
"Life Expectancy at Birth, female (years) (1994)",74.99
"Life Expectancy at Birth, female (years) (1995)",75.282
"Life Expectancy at Birth, female (years) (1996)",75.566
"Life Expectancy at Birth, female (years) (1997)",75.834
"Life Expectancy at Birth, female (years) (1998)",76.082
"Life Expectancy at Birth, female (years) (1999)",76.308
"Life Expectancy at Birth, female (years) (2000)",76.512
"Life Expectancy at Birth, female (years) (2001)",76.685
"Life Expectancy at Birth, female (years) (2002)",76.826
"Life Expectancy at Birth, female (years) (2003)",76.921
"Life Expectancy at Birth, female (years) (2004)",76.983
"Life Expectancy at Birth, female (years) (2005)",76.986
"Life Expectancy at Birth, female (years) (2006)",76.981
"Life Expectancy at Birth, female (years) (2007)",76.956
"Life Expectancy at Birth, female (years) (2008)",76.952
"Life Expectancy at Birth, female (years) (2009)",76.993
"Life Expectancy at Birth, female (years) (2010)",77.117
"Life Expectancy at Birth, female (years) (2011)",77.311
"Life Expectancy at Birth, female (years) (2012)",77.535
"Life Expectancy at Birth, female (years) (2013)",77.706
"Life Expectancy at Birth, female (years) (2014)",77.782
"Life Expectancy at Birth, female (years) (2015)",77.692
"Life Expectancy at Birth, female (years) (2016)",77.486
"Life Expectancy at Birth, female (years) (2017)",77.303
"Life Expectancy at Birth, female (years) (2018)",77.286
"Life Expectancy at Birth, female (years) (2019)",77.574
"Life Expectancy at Birth, female (years) (2020)",74.314
"Life Expectancy at Birth, female (years) (2021)",74.864
"Life Expectancy at Birth, female (years) (2022)",78.161
"Expected Years of Schooling, female (years) (1990)",10.3596671
"Expected Years of Schooling, female (years) (1991)",10.45301115
"Expected Years of Schooling, female (years) (1992)",10.54719627
"Expected Years of Schooling, female (years) (1993)",10.64223003
"Expected Years of Schooling, female (years) (1994)",10.73812008
"Expected Years of Schooling, female (years) (1995)",10.91985035
"Expected Years of Schooling, female (years) (1996)",11.07116985
"Expected Years of Schooling, female (years) (1997)",11.20660019
"Expected Years of Schooling, female (years) (1998)",11.43647957
"Expected Years of Schooling, female (years) (1999)",11.67527962
"Expected Years of Schooling, female (years) (2000)",11.8452301
"Expected Years of Schooling, female (years) (2001)",11.93441963
"Expected Years of Schooling, female (years) (2002)",12.30335045
"Expected Years of Schooling, female (years) (2003)",12.63562965
"Expected Years of Schooling, female (years) (2004)",12.69664001
"Expected Years of Schooling, female (years) (2005)",12.75568962
"Expected Years of Schooling, female (years) (2006)",12.89663982
"Expected Years of Schooling, female (years) (2007)",13.05675983
"Expected Years of Schooling, female (years) (2008)",13.27972031
"Expected Years of Schooling, female (years) (2009)",13.38519955
"Expected Years of Schooling, female (years) (2010)",13.52509022
"Expected Years of Schooling, female (years) (2011)",13.5806303
"Expected Years of Schooling, female (years) (2012)",13.83277988
"Expected Years of Schooling, female (years) (2013)",13.99302959
"Expected Years of Schooling, female (years) (2014)",14.18118
"Expected Years of Schooling, female (years) (2015)",14.37687969
"Expected Years of Schooling, female (years) (2016)",14.86618042
"Expected Years of Schooling, female (years) (2017)",15.06762028
"Expected Years of Schooling, female (years) (2018)",15.19629002
"Expected Years of Schooling, female (years) (2019)",15.26714039
"Expected Years of Schooling, female (years) (2020)",15.17889977
"Expected Years of Schooling, female (years) (2021)",14.95950031
"Expected Years of Schooling, female (years) (2022)",14.95950031
"Mean Years of Schooling, female (years) (1990)",5.51722002
"Mean Years of Schooling, female (years) (1991)",5.591969013
"Mean Years of Schooling, female (years) (1992)",5.666718006
"Mean Years of Schooling, female (years) (1993)",5.741466999
"Mean Years of Schooling, female (years) (1994)",5.816215992
"Mean Years of Schooling, female (years) (1995)",5.890964985
"Mean Years of Schooling, female (years) (1996)",5.965713978
"Mean Years of Schooling, female (years) (1997)",6.040462971
"Mean Years of Schooling, female (years) (1998)",6.115211964
"Mean Years of Schooling, female (years) (1999)",6.189960957
"Mean Years of Schooling, female (years) (2000)",6.264709949
"Mean Years of Schooling, female (years) (2001)",6.424430013
"Mean Years of Schooling, female (years) (2002)",6.584150076
"Mean Years of Schooling, female (years) (2003)",6.743870139
"Mean Years of Schooling, female (years) (2004)",6.903590202
"Mean Years of Schooling, female (years) (2005)",7.199230194
"Mean Years of Schooling, female (years) (2006)",7.501309872
"Mean Years of Schooling, female (years) (2007)",7.528180122
"Mean Years of Schooling, female (years) (2008)",7.611249924
"Mean Years of Schooling, female (years) (2009)",7.805429935
"Mean Years of Schooling, female (years) (2010)",7.789669991
"Mean Years of Schooling, female (years) (2011)",7.995434761
"Mean Years of Schooling, female (years) (2012)",8.201199532
"Mean Years of Schooling, female (years) (2013)",8.146730423
"Mean Years of Schooling, female (years) (2014)",8.223290443
"Mean Years of Schooling, female (years) (2015)",8.407520294
"Mean Years of Schooling, female (years) (2016)",8.422129631
"Mean Years of Schooling, female (years) (2017)",8.576239586
"Mean Years of Schooling, female (years) (2018)",8.776339531
"Mean Years of Schooling, female (years) (2019)",8.936504841
"Mean Years of Schooling, female (years) (2020)",9.096670151
"Mean Years of Schooling, female (years) (2021)",9.096670151
"Mean Years of Schooling, female (years) (2022)",9.096670151
"Gross National Income Per Capita, female (2017 PPP$) (1990)",5421.599479
"Gross National Income Per Capita, female (2017 PPP$) (1991)",7378.882849
"Gross National Income Per Capita, female (2017 PPP$) (1992)",7716.548309
"Gross National Income Per Capita, female (2017 PPP$) (1993)",8163.767572
"Gross National Income Per Capita, female (2017 PPP$) (1994)",8240.815528
"Gross National Income Per Capita, female (2017 PPP$) (1995)",8017.429809
"Gross National Income Per Capita, female (2017 PPP$) (1996)",9246.042627
"Gross National Income Per Capita, female (2017 PPP$) (1997)",9736.801642
"Gross National Income Per Capita, female (2017 PPP$) (1998)",10095.80632
"Gross National Income Per Capita, female (2017 PPP$) (1999)",10010.89138
"Gross National Income Per Capita, female (2017 PPP$) (2000)",10508.17065
"Gross National Income Per Capita, female (2017 PPP$) (2001)",10339.67058
"Gross National Income Per Capita, female (2017 PPP$) (2002)",10145.88785
"Gross National Income Per Capita, female (2017 PPP$) (2003)",10355.70931
"Gross National Income Per Capita, female (2017 PPP$) (2004)",10842.08753
"Gross National Income Per Capita, female (2017 PPP$) (2005)",11226.92759
"Gross National Income Per Capita, female (2017 PPP$) (2006)",11913.01695
"Gross National Income Per Capita, female (2017 PPP$) (2007)",12000.90314
"Gross National Income Per Capita, female (2017 PPP$) (2008)",11914.49572
"Gross National Income Per Capita, female (2017 PPP$) (2009)",11453.98256
"Gross National Income Per Capita, female (2017 PPP$) (2010)",11842.54148
"Gross National Income Per Capita, female (2017 PPP$) (2011)",12178.55507
"Gross National Income Per Capita, female (2017 PPP$) (2012)",12553.63272
"Gross National Income Per Capita, female (2017 PPP$) (2013)",12484.86248
"Gross National Income Per Capita, female (2017 PPP$) (2014)",12571.90037
"Gross National Income Per Capita, female (2017 PPP$) (2015)",12872.25133
"Gross National Income Per Capita, female (2017 PPP$) (2016)",13069.56213
"Gross National Income Per Capita, female (2017 PPP$) (2017)",13179.05702
"Gross National Income Per Capita, female (2017 PPP$) (2018)",13358.08581
"Gross National Income Per Capita, female (2017 PPP$) (2019)",13407.5729
"Gross National Income Per Capita, female (2017 PPP$) (2020)",12446.2781
"Gross National Income Per Capita, female (2017 PPP$) (2021)",12946.41493
"Gross National Income Per Capita, female (2017 PPP$) (2022)",13547.80665
HDI male (1990),0.699960438
HDI male (1991),0.688977654
HDI male (1992),0.692451078
HDI male (1993),0.695771818
HDI male (1994),0.700776937
HDI male (1995),0.699926175
HDI male (1996),0.705685114
HDI male (1997),0.71335613
HDI male (1998),0.719857772
HDI male (1999),0.72590033
HDI male (2000),0.730879377
HDI male (2001),0.733966628
HDI male (2002),0.740650934
HDI male (2003),0.745450994
HDI male (2004),0.75002702
HDI male (2005),0.750958344
HDI male (2006),0.759839285
HDI male (2007),0.760763654
HDI male (2008),0.762805136
HDI male (2009),0.761343955
HDI male (2010),0.761641039
HDI male (2011),0.767019629
HDI male (2012),0.775356481
HDI male (2013),0.774857652
HDI male (2014),0.778136611
HDI male (2015),0.782086361
HDI male (2016),0.785067886
HDI male (2017),0.787147245
HDI male (2018),0.788868811
HDI male (2019),0.789605509
HDI male (2020),0.761367522
HDI male (2021),0.758238899
HDI male (2022),0.786801205
"Life Expectancy at Birth, male (years) (1990)",66.533
"Life Expectancy at Birth, male (years) (1991)",66.826
"Life Expectancy at Birth, male (years) (1992)",67.112
"Life Expectancy at Birth, male (years) (1993)",67.43
"Life Expectancy at Birth, male (years) (1994)",67.781
"Life Expectancy at Birth, male (years) (1995)",68.201
"Life Expectancy at Birth, male (years) (1996)",68.674
"Life Expectancy at Birth, male (years) (1997)",69.194
"Life Expectancy at Birth, male (years) (1998)",69.717
"Life Expectancy at Birth, male (years) (1999)",70.227
"Life Expectancy at Birth, male (years) (2000)",70.692
"Life Expectancy at Birth, male (years) (2001)",71.098
"Life Expectancy at Birth, male (years) (2002)",71.422
"Life Expectancy at Birth, male (years) (2003)",71.653
"Life Expectancy at Birth, male (years) (2004)",71.781
"Life Expectancy at Birth, male (years) (2005)",71.782
"Life Expectancy at Birth, male (years) (2006)",71.697
"Life Expectancy at Birth, male (years) (2007)",71.54
"Life Expectancy at Birth, male (years) (2008)",71.376
"Life Expectancy at Birth, male (years) (2009)",71.273
"Life Expectancy at Birth, male (years) (2010)",71.295
"Life Expectancy at Birth, male (years) (2011)",71.451
"Life Expectancy at Birth, male (years) (2012)",71.651
"Life Expectancy at Birth, male (years) (2013)",71.814
"Life Expectancy at Birth, male (years) (2014)",71.859
"Life Expectancy at Birth, male (years) (2015)",71.723
"Life Expectancy at Birth, male (years) (2016)",71.398
"Life Expectancy at Birth, male (years) (2017)",71.044
"Life Expectancy at Birth, male (years) (2018)",70.829
"Life Expectancy at Birth, male (years) (2019)",70.931
"Life Expectancy at Birth, male (years) (2020)",66.334
"Life Expectancy at Birth, male (years) (2021)",66.056
"Life Expectancy at Birth, male (years) (2022)",71.547
"Expected Years of Schooling, male (years) (1990)",12.00139209
"Expected Years of Schooling, male (years) (1991)",11.07448997
"Expected Years of Schooling, male (years) (1992)",11.14674429
"Expected Years of Schooling, male (years) (1993)",11.21947002
"Expected Years of Schooling, male (years) (1994)",11.29267025
"Expected Years of Schooling, male (years) (1995)",11.42006969
"Expected Years of Schooling, male (years) (1996)",11.58940983
"Expected Years of Schooling, male (years) (1997)",11.73149967
"Expected Years of Schooling, male (years) (1998)",11.87561989
"Expected Years of Schooling, male (years) (1999)",12.01568031
"Expected Years of Schooling, male (years) (2000)",12.07831955
"Expected Years of Schooling, male (years) (2001)",12.05741024
"Expected Years of Schooling, male (years) (2002)",12.36151028
"Expected Years of Schooling, male (years) (2003)",12.53791046
"Expected Years of Schooling, male (years) (2004)",12.62969017
"Expected Years of Schooling, male (years) (2005)",12.67858028
"Expected Years of Schooling, male (years) (2006)",12.79403019
"Expected Years of Schooling, male (years) (2007)",12.92442989
"Expected Years of Schooling, male (years) (2008)",13.10299969
"Expected Years of Schooling, male (years) (2009)",13.16368961
"Expected Years of Schooling, male (years) (2010)",13.3134203
"Expected Years of Schooling, male (years) (2011)",13.34097004
"Expected Years of Schooling, male (years) (2012)",13.62757015
"Expected Years of Schooling, male (years) (2013)",13.82831955
"Expected Years of Schooling, male (years) (2014)",13.98001957
"Expected Years of Schooling, male (years) (2015)",14.08380985
"Expected Years of Schooling, male (years) (2016)",14.47852993
"Expected Years of Schooling, male (years) (2017)",14.63290024
"Expected Years of Schooling, male (years) (2018)",14.6450901
"Expected Years of Schooling, male (years) (2019)",14.62077045
"Expected Years of Schooling, male (years) (2020)",14.46677017
"Expected Years of Schooling, male (years) (2021)",14.05300045
"Expected Years of Schooling, male (years) (2022)",14.05300045
"Mean Years of Schooling, male (years) (1990)",6.429399967
"Mean Years of Schooling, male (years) (1991)",6.496966982
"Mean Years of Schooling, male (years) (1992)",6.564533997
"Mean Years of Schooling, male (years) (1993)",6.632101011
"Mean Years of Schooling, male (years) (1994)",6.699668026
"Mean Years of Schooling, male (years) (1995)",6.767235041
"Mean Years of Schooling, male (years) (1996)",6.834802055
"Mean Years of Schooling, male (years) (1997)",6.90236907
"Mean Years of Schooling, male (years) (1998)",6.969936085
"Mean Years of Schooling, male (years) (1999)",7.037503099
"Mean Years of Schooling, male (years) (2000)",7.105070114
"Mean Years of Schooling, male (years) (2001)",7.261712551
"Mean Years of Schooling, male (years) (2002)",7.418354988
"Mean Years of Schooling, male (years) (2003)",7.574997425
"Mean Years of Schooling, male (years) (2004)",7.731639862
"Mean Years of Schooling, male (years) (2005)",7.803009987
"Mean Years of Schooling, male (years) (2006)",8.31223011
"Mean Years of Schooling, male (years) (2007)",8.299889565
"Mean Years of Schooling, male (years) (2008)",8.342630386
"Mean Years of Schooling, male (years) (2009)",8.517100334
"Mean Years of Schooling, male (years) (2010)",8.243049622
"Mean Years of Schooling, male (years) (2011)",8.532334805
"Mean Years of Schooling, male (years) (2012)",8.821619987
"Mean Years of Schooling, male (years) (2013)",8.597530365
"Mean Years of Schooling, male (years) (2014)",8.610250473
"Mean Years of Schooling, male (years) (2015)",8.819179535
"Mean Years of Schooling, male (years) (2016)",8.803319931
"Mean Years of Schooling, male (years) (2017)",8.934639931
"Mean Years of Schooling, male (years) (2018)",9.112119675
"Mean Years of Schooling, male (years) (2019)",9.235079765
"Mean Years of Schooling, male (years) (2020)",9.358039856
"Mean Years of Schooling, male (years) (2021)",9.358039856
"Mean Years of Schooling, male (years) (2022)",9.358039856
"Gross National Income Per Capita, male (2017 PPP$) (1990)",24350.03532
"Gross National Income Per Capita, male (2017 PPP$) (1991)",23110.08184
"Gross National Income Per Capita, male (2017 PPP$) (1992)",23263.15442
"Gross National Income Per Capita, male (2017 PPP$) (1993)",23251.86997
"Gross National Income Per Capita, male (2017 PPP$) (1994)",24091.08316
"Gross National Income Per Capita, male (2017 PPP$) (1995)",21302.1264
"Gross National Income Per Capita, male (2017 PPP$) (1996)",21597.23862
"Gross National Income Per Capita, male (2017 PPP$) (1997)",22934.11356
"Gross National Income Per Capita, male (2017 PPP$) (1998)",23691.89642
"Gross National Income Per Capita, male (2017 PPP$) (1999)",24282.1699
"Gross National Income Per Capita, male (2017 PPP$) (2000)",24922.39862
"Gross National Income Per Capita, male (2017 PPP$) (2001)",24509.2636
"Gross National Income Per Capita, male (2017 PPP$) (2002)",24209.05126
"Gross National Income Per Capita, male (2017 PPP$) (2003)",23959.97899
"Gross National Income Per Capita, male (2017 PPP$) (2004)",24377.32977
"Gross National Income Per Capita, male (2017 PPP$) (2005)",24055.91805
"Gross National Income Per Capita, male (2017 PPP$) (2006)",24645.82857
"Gross National Income Per Capita, male (2017 PPP$) (2007)",24848.29751
"Gross National Income Per Capita, male (2017 PPP$) (2008)",24997.4843
"Gross National Income Per Capita, male (2017 PPP$) (2009)",22968.01652
"Gross National Income Per Capita, male (2017 PPP$) (2010)",24052.61311
"Gross National Income Per Capita, male (2017 PPP$) (2011)",24344.4696
"Gross National Income Per Capita, male (2017 PPP$) (2012)",24642.18245
"Gross National Income Per Capita, male (2017 PPP$) (2013)",24356.80622
"Gross National Income Per Capita, male (2017 PPP$) (2014)",25030.0034
"Gross National Income Per Capita, male (2017 PPP$) (2015)",25479.57071
"Gross National Income Per Capita, male (2017 PPP$) (2016)",25808.31507
"Gross National Income Per Capita, male (2017 PPP$) (2017)",26117.90935
"Gross National Income Per Capita, male (2017 PPP$) (2018)",26371.69677
"Gross National Income Per Capita, male (2017 PPP$) (2019)",25803.22938
"Gross National Income Per Capita, male (2017 PPP$) (2020)",23237.96917
"Gross National Income Per Capita, male (2017 PPP$) (2021)",24490.48563
"Gross National Income Per Capita, male (2017 PPP$) (2022)",25008.11956
Inequality-adjusted Human Development Index (value) (2010),0.575
Inequality-adjusted Human Development Index (value) (2011),0.58
Inequality-adjusted Human Development Index (value) (2012),0.584
Inequality-adjusted Human Development Index (value) (2013),0.586
Inequality-adjusted Human Development Index (value) (2014),0.593
Inequality-adjusted Human Development Index (value) (2015),0.597
Inequality-adjusted Human Development Index (value) (2016),0.609
Inequality-adjusted Human Development Index (value) (2017),0.611
Inequality-adjusted Human Development Index (value) (2018),0.625
Inequality-adjusted Human Development Index (value) (2019),0.627
Inequality-adjusted Human Development Index (value) (2020),0.613
Inequality-adjusted Human Development Index (value) (2021),0.613
Inequality-adjusted Human Development Index (value) (2022),0.641
Coefficient of human inequality (2010),22.452941
Coefficient of human inequality (2011),22.344947
Coefficient of human inequality (2012),22.406055
Coefficient of human inequality (2013),22.298803
Coefficient of human inequality (2014),21.672106
Coefficient of human inequality (2015),21.58883433
Coefficient of human inequality (2016),20.57803033
Coefficient of human inequality (2017),20.51816033
Coefficient of human inequality (2018),19.25907133
Coefficient of human inequality (2019),19.1848631
Coefficient of human inequality (2020),18.5713499
Coefficient of human inequality (2021),18.5239504
Coefficient of human inequality (2022),17.52206433
Overall loss (%) (2010),23.02543507
Overall loss (%) (2011),22.9747676
Overall loss (%) (2012),23.15789474
Overall loss (%) (2013),22.99605782
Overall loss (%) (2014),22.48366013
Overall loss (%) (2015),22.36671001
Overall loss (%) (2016),21.2160414
Overall loss (%) (2017),21.2628866
Overall loss (%) (2018),19.76893453
Overall loss (%) (2019),19.71830986
Overall loss (%) (2020),19.02245707
Overall loss (%) (2021),19.02245707
Overall loss (%) (2022),17.92573624
Inequality in life expectancy (2010),12.166163
Inequality in life expectancy (2011),11.842181
Inequality in life expectancy (2012),11.512115
Inequality in life expectancy (2013),11.190359
Inequality in life expectancy (2014),10.898428
Inequality in life expectancy (2015),10.648613
Inequality in life expectancy (2016),10.449321
Inequality in life expectancy (2017),10.269711
Inequality in life expectancy (2018),10.082014
Inequality in life expectancy (2019),9.8593893
Inequality in life expectancy (2020),9.6391897
Inequality in life expectancy (2021),9.4969912
Inequality in life expectancy (2022),9.187253
Inequality in eduation (2010),19.7112
Inequality in eduation (2011),19.7112
Inequality in eduation (2012),19.2052
Inequality in eduation (2013),19.2052
Inequality in eduation (2014),18.1101
Inequality in eduation (2015),18.1101
Inequality in eduation (2016),16.8079
Inequality in eduation (2017),16.8079
Inequality in eduation (2018),16.3178
Inequality in eduation (2019),16.3178
Inequality in eduation (2020),15.5763
Inequality in eduation (2021),15.5763
Inequality in eduation (2022),14.9548
Inequality in income (2010),35.48146
Inequality in income (2011),35.48146
Inequality in income (2012),36.50085
Inequality in income (2013),36.50085
Inequality in income (2014),36.00779
Inequality in income (2015),36.00779
Inequality in income (2016),34.47687
Inequality in income (2017),34.47687
Inequality in income (2018),31.3774
Inequality in income (2019),31.3774
Inequality in income (2020),30.49856
Inequality in income (2021),30.49856
Inequality in income (2022),28.42414
GII Rank (2022),84
Gender Inequality Index (value) (1990),0.55
Gender Inequality Index (value) (1991),0.509
Gender Inequality Index (value) (1992),0.504
Gender Inequality Index (value) (1993),0.497
Gender Inequality Index (value) (1994),0.491
Gender Inequality Index (value) (1995),0.484
Gender Inequality Index (value) (1996),0.483
Gender Inequality Index (value) (1997),0.478
Gender Inequality Index (value) (1998),0.459
Gender Inequality Index (value) (1999),0.455
Gender Inequality Index (value) (2000),0.46
Gender Inequality Index (value) (2001),0.46
Gender Inequality Index (value) (2002),0.46
Gender Inequality Index (value) (2003),0.435
Gender Inequality Index (value) (2004),0.433
Gender Inequality Index (value) (2005),0.425
Gender Inequality Index (value) (2006),0.429
Gender Inequality Index (value) (2007),0.429
Gender Inequality Index (value) (2008),0.432
Gender Inequality Index (value) (2009),0.414
Gender Inequality Index (value) (2010),0.417
Gender Inequality Index (value) (2011),0.413
Gender Inequality Index (value) (2012),0.39
Gender Inequality Index (value) (2013),0.388
Gender Inequality Index (value) (2014),0.386
Gender Inequality Index (value) (2015),0.377
Gender Inequality Index (value) (2016),0.369
Gender Inequality Index (value) (2017),0.371
Gender Inequality Index (value) (2018),0.363
Gender Inequality Index (value) (2019),0.36
Gender Inequality Index (value) (2020),0.362
Gender Inequality Index (value) (2021),0.355
Gender Inequality Index (value) (2022),0.352
"Maternal Mortality Ratio (deaths per 100,000 live births) (1990)",81.1744635
"Maternal Mortality Ratio (deaths per 100,000 live births) (1991)",73.19296775
"Maternal Mortality Ratio (deaths per 100,000 live births) (1992)",71.15409623
"Maternal Mortality Ratio (deaths per 100,000 live births) (1993)",69.95756374
"Maternal Mortality Ratio (deaths per 100,000 live births) (1994)",63.75731753
"Maternal Mortality Ratio (deaths per 100,000 live births) (1995)",63.26861504
"Maternal Mortality Ratio (deaths per 100,000 live births) (1996)",62.97709313
"Maternal Mortality Ratio (deaths per 100,000 live births) (1997)",63.01260634
"Maternal Mortality Ratio (deaths per 100,000 live births) (1998)",57.43371966
"Maternal Mortality Ratio (deaths per 100,000 live births) (1999)",56.57154936
"Maternal Mortality Ratio (deaths per 100,000 live births) (2000)",56.5320201
"Maternal Mortality Ratio (deaths per 100,000 live births) (2001)",56.73567186
"Maternal Mortality Ratio (deaths per 100,000 live births) (2002)",56.87764231
"Maternal Mortality Ratio (deaths per 100,000 live births) (2003)",52.07416025
"Maternal Mortality Ratio (deaths per 100,000 live births) (2004)",52.61469796
"Maternal Mortality Ratio (deaths per 100,000 live births) (2005)",53.33310407
"Maternal Mortality Ratio (deaths per 100,000 live births) (2006)",54.39738436
"Maternal Mortality Ratio (deaths per 100,000 live births) (2007)",55.84242179
"Maternal Mortality Ratio (deaths per 100,000 live births) (2008)",56.82665737
"Maternal Mortality Ratio (deaths per 100,000 live births) (2009)",51.42724986
"Maternal Mortality Ratio (deaths per 100,000 live births) (2010)",51.22866376
"Maternal Mortality Ratio (deaths per 100,000 live births) (2011)",50.28834402
"Maternal Mortality Ratio (deaths per 100,000 live births) (2012)",49.23352933
"Maternal Mortality Ratio (deaths per 100,000 live births) (2013)",48.88598425
"Maternal Mortality Ratio (deaths per 100,000 live births) (2014)",49.56948406
"Maternal Mortality Ratio (deaths per 100,000 live births) (2015)",52.02667886
"Maternal Mortality Ratio (deaths per 100,000 live births) (2016)",49.0761752
"Maternal Mortality Ratio (deaths per 100,000 live births) (2017)",52.33693262
"Maternal Mortality Ratio (deaths per 100,000 live births) (2018)",55.52820806
"Maternal Mortality Ratio (deaths per 100,000 live births) (2019)",57.96980057
"Maternal Mortality Ratio (deaths per 100,000 live births) (2020)",59.12507106
"Maternal Mortality Ratio (deaths per 100,000 live births) (2021)",59.12507106
"Maternal Mortality Ratio (deaths per 100,000 live births) (2022)",59.12507106
"Adolescent Birth Rate (births per 1,000 women ages 15-19) (1990)",82.102
"Adolescent Birth Rate (births per 1,000 women ages 15-19) (1991)",81.952
"Adolescent Birth Rate (births per 1,000 women ages 15-19) (1992)",81.902
"Adolescent Birth Rate (births per 1,000 women ages 15-19) (1993)",81.102
"Adolescent Birth Rate (births per 1,000 women ages 15-19) (1994)",80.154
"Adolescent Birth Rate (births per 1,000 women ages 15-19) (1995)",77.912
"Adolescent Birth Rate (births per 1,000 women ages 15-19) (1996)",76.705
"Adolescent Birth Rate (births per 1,000 women ages 15-19) (1997)",75.349
"Adolescent Birth Rate (births per 1,000 women ages 15-19) (1998)",74.451
"Adolescent Birth Rate (births per 1,000 women ages 15-19) (1999)",74.309
"Adolescent Birth Rate (births per 1,000 women ages 15-19) (2000)",73.673
"Adolescent Birth Rate (births per 1,000 women ages 15-19) (2001)",73.423
"Adolescent Birth Rate (births per 1,000 women ages 15-19) (2002)",72.706
"Adolescent Birth Rate (births per 1,000 women ages 15-19) (2003)",72.673
"Adolescent Birth Rate (births per 1,000 women ages 15-19) (2004)",72.839
"Adolescent Birth Rate (births per 1,000 women ages 15-19) (2005)",72.534
"Adolescent Birth Rate (births per 1,000 women ages 15-19) (2006)",71.176
"Adolescent Birth Rate (births per 1,000 women ages 15-19) (2007)",72.318
"Adolescent Birth Rate (births per 1,000 women ages 15-19) (2008)",74.09
"Adolescent Birth Rate (births per 1,000 women ages 15-19) (2009)",75.355
"Adolescent Birth Rate (births per 1,000 women ages 15-19) (2010)",75.329
"Adolescent Birth Rate (births per 1,000 women ages 15-19) (2011)",76.46
"Adolescent Birth Rate (births per 1,000 women ages 15-19) (2012)",76.744
"Adolescent Birth Rate (births per 1,000 women ages 15-19) (2013)",76.355
"Adolescent Birth Rate (births per 1,000 women ages 15-19) (2014)",72.893
"Adolescent Birth Rate (births per 1,000 women ages 15-19) (2015)",67.585
"Adolescent Birth Rate (births per 1,000 women ages 15-19) (2016)",64.845
"Adolescent Birth Rate (births per 1,000 women ages 15-19) (2017)",63.587
"Adolescent Birth Rate (births per 1,000 women ages 15-19) (2018)",61.293
"Adolescent Birth Rate (births per 1,000 women ages 15-19) (2019)",58.391
"Adolescent Birth Rate (births per 1,000 women ages 15-19) (2020)",57.865
"Adolescent Birth Rate (births per 1,000 women ages 15-19) (2021)",54.369
"Adolescent Birth Rate (births per 1,000 women ages 15-19) (2022)",53.693
"Share of seats in parliament, female (% held by women) (1990)",13.85350318
"Share of seats in parliament, female (% held by women) (1991)",13.85350318
"Share of seats in parliament, female (% held by women) (1992)",13.85350318
"Share of seats in parliament, female (% held by women) (1993)",13.85350318
"Share of seats in parliament, female (% held by women) (1994)",13.85350318
"Share of seats in parliament, female (% held by women) (1995)",13.85350318
"Share of seats in parliament, female (% held by women) (1996)",13.85350318
"Share of seats in parliament, female (% held by women) (1997)",13.85350318
"Share of seats in parliament, female (% held by women) (1998)",16.87898089
"Share of seats in parliament, female (% held by women) (1999)",17.99363057
"Share of seats in parliament, female (% held by women) (2000)",15.92356688
"Share of seats in parliament, female (% held by women) (2001)",15.92356688
"Share of seats in parliament, female (% held by women) (2002)",15.92356688
"Share of seats in parliament, female (% held by women) (2003)",21.17834395
"Share of seats in parliament, female (% held by women) (2004)",21.17834395
"Share of seats in parliament, female (% held by women) (2005)",23.72611465
"Share of seats in parliament, female (% held by women) (2006)",21.49681529
"Share of seats in parliament, female (% held by women) (2007)",22.13375796
"Share of seats in parliament, female (% held by women) (2008)",22.13375796
"Share of seats in parliament, female (% held by women) (2009)",25.95541401
"Share of seats in parliament, female (% held by women) (2010)",24.84076433
"Share of seats in parliament, female (% held by women) (2011)",25.47770701
"Share of seats in parliament, female (% held by women) (2012)",35.98726115
"Share of seats in parliament, female (% held by women) (2013)",35.98726115
"Share of seats in parliament, female (% held by women) (2014)",36.78343949
"Share of seats in parliament, female (% held by women) (2015)",40.57507987
"Share of seats in parliament, female (% held by women) (2016)",40.60509554
"Share of seats in parliament, female (% held by women) (2017)",41.40127389
"Share of seats in parliament, female (% held by women) (2018)",48.40764331
"Share of seats in parliament, female (% held by women) (2019)",48.40764331
"Share of seats in parliament, female (% held by women) (2020)",48.40764331
"Share of seats in parliament, female (% held by women) (2021)",49.84076433
"Share of seats in parliament, female (% held by women) (2022)",49.84076433
"Share of seats in parliament, male (% held by men) (1990)",86.14649682
"Share of seats in parliament, male (% held by men) (1991)",86.14649682
"Share of seats in parliament, male (% held by men) (1992)",86.14649682
"Share of seats in parliament, male (% held by men) (1993)",86.14649682
"Share of seats in parliament, male (% held by men) (1994)",86.14649682
"Share of seats in parliament, male (% held by men) (1995)",86.14649682
"Share of seats in parliament, male (% held by men) (1996)",86.14649682
"Share of seats in parliament, male (% held by men) (1997)",86.14649682
"Share of seats in parliament, male (% held by men) (1998)",83.12101911
"Share of seats in parliament, male (% held by men) (1999)",82.00636943
"Share of seats in parliament, male (% held by men) (2000)",84.07643312
"Share of seats in parliament, male (% held by men) (2001)",84.07643312
"Share of seats in parliament, male (% held by men) (2002)",84.07643312
"Share of seats in parliament, male (% held by men) (2003)",78.82165605
"Share of seats in parliament, male (% held by men) (2004)",78.82165605
"Share of seats in parliament, male (% held by men) (2005)",76.27388535
"Share of seats in parliament, male (% held by men) (2006)",78.50318471
"Share of seats in parliament, male (% held by men) (2007)",77.86624204
"Share of seats in parliament, male (% held by men) (2008)",77.86624204
"Share of seats in parliament, male (% held by men) (2009)",74.04458599
"Share of seats in parliament, male (% held by men) (2010)",75.15923567
"Share of seats in parliament, male (% held by men) (2011)",74.52229299
"Share of seats in parliament, male (% held by men) (2012)",64.01273885
"Share of seats in parliament, male (% held by men) (2013)",64.01273885
"Share of seats in parliament, male (% held by men) (2014)",63.21656051
"Share of seats in parliament, male (% held by men) (2015)",59.42492013
"Share of seats in parliament, male (% held by men) (2016)",59.39490446
"Share of seats in parliament, male (% held by men) (2017)",58.59872611
"Share of seats in parliament, male (% held by men) (2018)",51.59235669
"Share of seats in parliament, male (% held by men) (2019)",51.59235669
"Share of seats in parliament, male (% held by men) (2020)",51.59235669
"Share of seats in parliament, male (% held by men) (2021)",50.15923567
"Share of seats in parliament, male (% held by men) (2022)",50.15923567
"Labour force participation rate, female (% ages 15 and older) (1990)",21.56
"Labour force participation rate, female (% ages 15 and older) (1991)",35.7
"Labour force participation rate, female (% ages 15 and older) (1992)",36.57
"Labour force participation rate, female (% ages 15 and older) (1993)",38.81
"Labour force participation rate, female (% ages 15 and older) (1994)",38.11
"Labour force participation rate, female (% ages 15 and older) (1995)",39.48
"Labour force participation rate, female (% ages 15 and older) (1996)",39.58
"Labour force participation rate, female (% ages 15 and older) (1997)",41.72
"Labour force participation rate, female (% ages 15 and older) (1998)",41.37
"Labour force participation rate, female (% ages 15 and older) (1999)",40.61
"Labour force participation rate, female (% ages 15 and older) (2000)",40.99
"Labour force participation rate, female (% ages 15 and older) (2001)",40.36
"Labour force participation rate, female (% ages 15 and older) (2002)",38.14
"Labour force participation rate, female (% ages 15 and older) (2003)",38.77
"Labour force participation rate, female (% ages 15 and older) (2004)",39.93
"Labour force participation rate, female (% ages 15 and older) (2005)",40.91
"Labour force participation rate, female (% ages 15 and older) (2006)",42.1
"Labour force participation rate, female (% ages 15 and older) (2007)",42.44
"Labour force participation rate, female (% ages 15 and older) (2008)",42.27
"Labour force participation rate, female (% ages 15 and older) (2009)",42.76
"Labour force participation rate, female (% ages 15 and older) (2010)",42.52
"Labour force participation rate, female (% ages 15 and older) (2011)",42.84
"Labour force participation rate, female (% ages 15 and older) (2012)",43.84
"Labour force participation rate, female (% ages 15 and older) (2013)",43.87
"Labour force participation rate, female (% ages 15 and older) (2014)",43.04
"Labour force participation rate, female (% ages 15 and older) (2015)",43.43
"Labour force participation rate, female (% ages 15 and older) (2016)",43.49
"Labour force participation rate, female (% ages 15 and older) (2017)",43.06
"Labour force participation rate, female (% ages 15 and older) (2018)",43.55
"Labour force participation rate, female (% ages 15 and older) (2019)",44.77
"Labour force participation rate, female (% ages 15 and older) (2020)",40.96
"Labour force participation rate, female (% ages 15 and older) (2021)",43.63
"Labour force participation rate, female (% ages 15 and older) (2022)",45.03
"Labour force participation rate, male (% ages 15 and older) (1990)",75.52
"Labour force participation rate, male (% ages 15 and older) (1991)",86.37
"Labour force participation rate, male (% ages 15 and older) (1992)",86.59
"Labour force participation rate, male (% ages 15 and older) (1993)",86.86
"Labour force participation rate, male (% ages 15 and older) (1994)",86.39
"Labour force participation rate, male (% ages 15 and older) (1995)",85.17
"Labour force participation rate, male (% ages 15 and older) (1996)",85.36
"Labour force participation rate, male (% ages 15 and older) (1997)",86.28
"Labour force participation rate, male (% ages 15 and older) (1998)",86.02
"Labour force participation rate, male (% ages 15 and older) (1999)",85.39
"Labour force participation rate, male (% ages 15 and older) (2000)",84.7
"Labour force participation rate, male (% ages 15 and older) (2001)",84.17
"Labour force participation rate, male (% ages 15 and older) (2002)",80.03
"Labour force participation rate, male (% ages 15 and older) (2003)",79.98
"Labour force participation rate, male (% ages 15 and older) (2004)",80.02
"Labour force participation rate, male (% ages 15 and older) (2005)",80.31
"Labour force participation rate, male (% ages 15 and older) (2006)",80.72
"Labour force participation rate, male (% ages 15 and older) (2007)",80.31
"Labour force participation rate, male (% ages 15 and older) (2008)",79.94
"Labour force participation rate, male (% ages 15 and older) (2009)",79
"Labour force participation rate, male (% ages 15 and older) (2010)",78.7
"Labour force participation rate, male (% ages 15 and older) (2011)",78.46
"Labour force participation rate, male (% ages 15 and older) (2012)",78.78
"Labour force participation rate, male (% ages 15 and older) (2013)",78.47
"Labour force participation rate, male (% ages 15 and older) (2014)",78.24
"Labour force participation rate, male (% ages 15 and older) (2015)",78
"Labour force participation rate, male (% ages 15 and older) (2016)",77.74
"Labour force participation rate, male (% ages 15 and older) (2017)",77.62
"Labour force participation rate, male (% ages 15 and older) (2018)",77.43
"Labour force participation rate, male (% ages 15 and older) (2019)",77.24
"Labour force participation rate, male (% ages 15 and older) (2020)",71.63
"Labour force participation rate, male (% ages 15 and older) (2021)",75.7
"Labour force participation rate, male (% ages 15 and older) (2022)",76.31
Difference from HDI rank (2022),13
Planetary pressures-adjusted Human Development Index (value) (1990),0.629
Planetary pressures-adjusted Human Development Index (value) (1991),0.629
Planetary pressures-adjusted Human Development Index (value) (1992),0.628
Planetary pressures-adjusted Human Development Index (value) (1993),0.631
Planetary pressures-adjusted Human Development Index (value) (1994),0.634
Planetary pressures-adjusted Human Development Index (value) (1995),0.641
Planetary pressures-adjusted Human Development Index (value) (1996),0.645
Planetary pressures-adjusted Human Development Index (value) (1997),0.65
Planetary pressures-adjusted Human Development Index (value) (1998),0.654
Planetary pressures-adjusted Human Development Index (value) (1999),0.657
Planetary pressures-adjusted Human Development Index (value) (2000),0.661
Planetary pressures-adjusted Human Development Index (value) (2001),0.663
Planetary pressures-adjusted Human Development Index (value) (2002),0.67
Planetary pressures-adjusted Human Development Index (value) (2003),0.676
Planetary pressures-adjusted Human Development Index (value) (2004),0.68
Planetary pressures-adjusted Human Development Index (value) (2005),0.683
Planetary pressures-adjusted Human Development Index (value) (2006),0.69
Planetary pressures-adjusted Human Development Index (value) (2007),0.692
Planetary pressures-adjusted Human Development Index (value) (2008),0.694
Planetary pressures-adjusted Human Development Index (value) (2009),0.699
Planetary pressures-adjusted Human Development Index (value) (2010),0.7
Planetary pressures-adjusted Human Development Index (value) (2011),0.704
Planetary pressures-adjusted Human Development Index (value) (2012),0.71
Planetary pressures-adjusted Human Development Index (value) (2013),0.712
Planetary pressures-adjusted Human Development Index (value) (2014),0.715
Planetary pressures-adjusted Human Development Index (value) (2015),0.722
Planetary pressures-adjusted Human Development Index (value) (2016),0.726
Planetary pressures-adjusted Human Development Index (value) (2017),0.73
Planetary pressures-adjusted Human Development Index (value) (2018),0.732
Planetary pressures-adjusted Human Development Index (value) (2019),0.735
Planetary pressures-adjusted Human Development Index (value) (2020),0.715
Planetary pressures-adjusted Human Development Index (value) (2021),0.711
Planetary pressures-adjusted Human Development Index (value) (2022),0.734
Difference from HDI value (%) (1990),5.555555556
Difference from HDI value (%) (1991),5.838323353
Difference from HDI value (%) (1992),6.268656716
Difference from HDI value (%) (1993),6.240713224
Difference from HDI value (%) (1994),6.489675516
Difference from HDI value (%) (1995),5.457227139
Difference from HDI value (%) (1996),5.839416058
Difference from HDI value (%) (1997),6.069364162
Difference from HDI value (%) (1998),6.43776824
Difference from HDI value (%) (1999),6.676136364
Difference from HDI value (%) (2000),6.770098731
Difference from HDI value (%) (2001),6.882022472
Difference from HDI value (%) (2002),6.815020862
Difference from HDI value (%) (2003),6.75862069
Difference from HDI value (%) (2004),6.721536351
Difference from HDI value (%) (2005),6.821282401
Difference from HDI value (%) (2006),6.882591093
Difference from HDI value (%) (2007),6.864064603
Difference from HDI value (%) (2008),6.845637584
Difference from HDI value (%) (2009),6.174496644
Difference from HDI value (%) (2010),6.291834003
Difference from HDI value (%) (2011),6.507304117
Difference from HDI value (%) (2012),6.578947368
Difference from HDI value (%) (2013),6.438896189
Difference from HDI value (%) (2014),6.535947712
Difference from HDI value (%) (2015),6.11183355
Difference from HDI value (%) (2016),6.080206986
Difference from HDI value (%) (2017),5.927835052
Difference from HDI value (%) (2018),6.033376123
Difference from HDI value (%) (2019),5.889884763
Difference from HDI value (%) (2020),5.548216645
Difference from HDI value (%) (2021),6.07661823
Difference from HDI value (%) (2022),6.017925736
Carbon dioxide emissions per capita (production) (tonnes) (1990),3.87959789
Carbon dioxide emissions per capita (production) (tonnes) (1991),3.960730446
Carbon dioxide emissions per capita (production) (tonnes) (1992),3.915374888
Carbon dioxide emissions per capita (production) (tonnes) (1993),3.901595605
Carbon dioxide emissions per capita (production) (tonnes) (1994),3.983982277
Carbon dioxide emissions per capita (production) (tonnes) (1995),3.680607706
Carbon dioxide emissions per capita (production) (tonnes) (1996),3.7316034
Carbon dioxide emissions per capita (production) (tonnes) (1997),3.89212232
Carbon dioxide emissions per capita (production) (tonnes) (1998),4.023620641
Carbon dioxide emissions per capita (production) (tonnes) (1999),4.009664835
Carbon dioxide emissions per capita (production) (tonnes) (2000),4.002362561
Carbon dioxide emissions per capita (production) (tonnes) (2001),4.102153234
Carbon dioxide emissions per capita (production) (tonnes) (2002),4.067756379
Carbon dioxide emissions per capita (production) (tonnes) (2003),4.258347225
Carbon dioxide emissions per capita (production) (tonnes) (2004),4.221425446
Carbon dioxide emissions per capita (production) (tonnes) (2005),4.397130483
Carbon dioxide emissions per capita (production) (tonnes) (2006),4.44156102
Carbon dioxide emissions per capita (production) (tonnes) (2007),4.374283428
Carbon dioxide emissions per capita (production) (tonnes) (2008),4.31334735
Carbon dioxide emissions per capita (production) (tonnes) (2009),4.146058276
Carbon dioxide emissions per capita (production) (tonnes) (2010),4.057474967
Carbon dioxide emissions per capita (production) (tonnes) (2011),4.234802129
Carbon dioxide emissions per capita (production) (tonnes) (2012),4.332986578
Carbon dioxide emissions per capita (production) (tonnes) (2013),4.224420684
Carbon dioxide emissions per capita (production) (tonnes) (2014),4.076544854
Carbon dioxide emissions per capita (production) (tonnes) (2015),3.991012993
Carbon dioxide emissions per capita (production) (tonnes) (2016),3.948262637
Carbon dioxide emissions per capita (production) (tonnes) (2017),3.790489356
Carbon dioxide emissions per capita (production) (tonnes) (2018),3.792204325
Carbon dioxide emissions per capita (production) (tonnes) (2019),3.74402155
Carbon dioxide emissions per capita (production) (tonnes) (2020),3.510278258
Carbon dioxide emissions per capita (production) (tonnes) (2021),3.699878374
Carbon dioxide emissions per capita (production) (tonnes) (2022),3.699878374
Material footprint per capita (tonnes) (1990),8.685
Material footprint per capita (tonnes) (1991),9.2402
Material footprint per capita (tonnes) (1992),10.532
Material footprint per capita (tonnes) (1993),10.3214
Material footprint per capita (tonnes) (1994),10.8199
Material footprint per capita (tonnes) (1995),8.5468
Material footprint per capita (tonnes) (1996),9.452
Material footprint per capita (tonnes) (1997),10.1102
Material footprint per capita (tonnes) (1998),10.8148
Material footprint per capita (tonnes) (1999),11.2478
Material footprint per capita (tonnes) (2000),11.7427
Material footprint per capita (tonnes) (2001),11.8347
Material footprint per capita (tonnes) (2002),11.557
Material footprint per capita (tonnes) (2003),11.2558
Material footprint per capita (tonnes) (2004),11.2456
Material footprint per capita (tonnes) (2005),11.126
Material footprint per capita (tonnes) (2006),11.3827
Material footprint per capita (tonnes) (2007),11.396
Material footprint per capita (tonnes) (2008),11.4031
Material footprint per capita (tonnes) (2009),9.7501
Material footprint per capita (tonnes) (2010),10.3258
Material footprint per capita (tonnes) (2011),10.5483
Material footprint per capita (tonnes) (2012),10.5782
Material footprint per capita (tonnes) (2013),10.5136
Material footprint per capita (tonnes) (2014),10.9704
Material footprint per capita (tonnes) (2015),9.9244
Material footprint per capita (tonnes) (2016),10.0016
Material footprint per capita (tonnes) (2017),9.6657
Material footprint per capita (tonnes) (2018),10.182
Material footprint per capita (tonnes) (2019),9.6857
Material footprint per capita (tonnes) (2020),9.3089
Material footprint per capita (tonnes) (2021),10.238
Material footprint per capita (tonnes) (2022),10.2865
Survey,ENSANUT
Year,2022
Multidimensional Poverty Index,0.02
Health,62.7
Education,12.8
Standard of living,24.4
Nutrition,62.7
Child mortality,
Years of schooling,4.7
School attendance,8.1
Cooking fuel,6.7
Sanitation,4.8
Drinking water,2.8
Electricity,0.8
Housing,6.6
Assets,2.8
Period,2017-2022
Total,90.09
Women,88.89
Men,91.27
Share of people with no bias,9.91
Political,58.01
Educational,18.75
Economic,32.87
Physical integrity,72.83